AVG_PRICE,HOURLY_BUCKET
68.02,01-01 06:00
65.50,01-01 10:00
65.98,01-01 11:00
65.85,01-01 12:00
65.35,01-01 13:00
65.97,01-01 14:00
66.52,01-01 16:00
66.07,01-01 17:00
65.83,01-01 18:00
66.40,01-01 19:00
70.11,01-02 08:00
71.44,01-02 09:00
70.56,01-02 10:00
71.37,01-02 11:00
70.51,01-02 12:00
69.05,01-02 13:00
69.66,01-02 14:00
70.04,01-02 15:00
74.61,01-02 16:00
74.12,01-02 17:00
74.00,01-02 18:00
73.13,01-02 20:00
72.41,01-02 21:00
71.15,01-02 22:00
71.38,01-02 23:00
70.84,01-03 00:00
71.36,01-03 01:00
72.60,01-03 07:00
72.22,01-03 08:00
71.15,01-03 09:00
71.02,01-03 10:00
72.04,01-03 11:00
71.71,01-03 12:00
72.52,01-03 13:00
72.00,01-03 14:00
71.03,01-03 15:00
68.44,01-03 16:00
68.10,01-03 17:00
67.82,01-03 18:00
67.95,01-03 19:00
66.85,01-03 20:00
66.15,01-03 21:00
65.22,01-03 22:00
64.70,01-03 23:00
68.39,01-04 00:00
69.70,01-04 01:00
66.97,01-04 07:00
68.29,01-04 08:00
67.72,01-04 09:00
66.44,01-04 10:00
66.14,01-04 11:00
65.63,01-04 12:00
64.64,01-04 13:00
64.53,01-04 14:00
63.31,01-04 15:00
62.63,01-04 16:00
63.07,01-04 17:00
62.62,01-04 18:00
62.60,01-04 19:00
63.62,01-04 20:00
63.18,01-04 21:00
63.76,01-04 22:00
62.08,01-04 23:00
60.54,01-05 00:00
61.58,01-05 01:00
63.55,01-05 07:00
62.68,01-05 08:00
63.75,01-05 09:00
62.97,01-05 10:00
63.53,01-05 11:00
63.93,01-05 12:00
63.69,01-05 13:00
63.59,01-05 14:00
65.23,01-05 15:00
66.37,01-05 16:00
65.72,01-05 17:00
65.97,01-05 19:00
65.50,01-05 20:00
66.00,01-05 21:00
66.00,01-05 23:00
66.00,01-06 00:00
65.74,01-06 01:00
70.86,01-06 08:00
73.22,01-06 09:00
72.42,01-06 10:00
72.39,01-06 11:00
72.13,01-06 12:00
69.60,01-06 13:00
68.45,01-06 14:00
68.77,01-06 15:00
66.08,01-06 16:00
65.64,01-06 17:00
64.91,01-06 18:00
65.00,01-06 19:00
64.61,01-06 21:00
62.57,01-07 01:00
62.57,01-07 02:00
65.40,01-07 10:00
65.42,01-07 11:00
66.30,01-08 08:00
66.00,01-08 10:00
66.25,01-08 11:00
65.92,01-08 12:00
64.90,01-08 13:00
65.08,01-08 14:00
65.20,01-08 15:00
65.68,01-08 17:00
65.50,01-08 18:00
65.50,01-08 19:00
65.97,01-08 20:00
65.97,01-08 21:00
66.05,01-08 22:00
68.00,01-09 00:00
68.00,01-09 01:00
68.37,01-09 07:00
67.26,01-09 08:00
67.41,01-09 09:00
67.87,01-09 10:00
68.19,01-09 11:00
68.34,01-09 12:00
68.88,01-09 13:00
69.44,01-09 14:00
70.60,01-09 15:00
72.09,01-09 16:00
74.47,01-09 17:00
74.39,01-09 18:00
73.68,01-09 19:00
73.95,01-09 20:00
74.00,01-09 21:00
72.03,01-09 22:00
72.02,01-09 23:00
71.56,01-10 00:00
71.00,01-10 01:00
73.60,01-10 07:00
71.78,01-10 08:00
71.47,01-10 09:00
70.81,01-10 10:00
69.52,01-10 11:00
68.77,01-10 12:00
68.35,01-10 13:00
67.76,01-10 14:00
68.27,01-10 15:00
66.79,01-10 16:00
66.85,01-10 17:00
67.80,01-10 18:00
71.00,01-10 21:00
70.00,01-10 22:00
67.12,01-10 23:00
65.43,01-11 00:00
68.74,01-11 07:00
67.09,01-11 08:00
65.39,01-11 09:00
65.70,01-11 10:00
65.70,01-11 11:00
64.76,01-11 12:00
63.57,01-11 13:00
63.40,01-11 14:00
63.41,01-11 15:00
62.72,01-11 16:00
62.21,01-11 17:00
62.25,01-11 18:00
62.65,01-11 21:00
62.40,01-11 22:00
62.46,01-11 23:00
61.49,01-12 00:00
62.19,01-12 01:00
64.55,01-12 08:00
65.04,01-12 09:00
65.29,01-12 10:00
65.47,01-12 11:00
65.41,01-12 12:00
64.94,01-12 13:00
65.03,01-12 14:00
64.34,01-12 15:00
64.84,01-12 16:00
65.87,01-12 17:00
67.57,01-12 18:00
67.56,01-12 20:00
66.92,01-12 21:00
68.65,01-12 22:00
66.63,01-13 00:00
65.52,01-13 01:00
66.00,01-13 07:00
66.79,01-13 08:00
65.70,01-13 09:00
64.33,01-13 10:00
63.85,01-13 11:00
63.89,01-13 12:00
63.71,01-13 13:00
63.94,01-13 14:00
64.11,01-13 15:00
63.19,01-13 16:00
63.39,01-13 17:00
63.51,01-13 18:00
63.02,01-13 21:00
63.02,01-13 22:00
64.50,01-14 07:00
66.00,01-14 14:00
66.00,01-14 16:00
64.47,01-14 18:00
64.20,01-14 22:00
64.20,01-14 23:00
64.20,01-15 00:00
64.98,01-15 11:00
64.04,01-15 12:00
63.62,01-15 13:00
63.43,01-15 14:00
63.73,01-15 16:00
63.56,01-15 17:00
63.87,01-15 18:00
63.72,01-15 19:00
63.57,01-15 20:00
63.45,01-15 22:00
63.40,01-15 23:00
63.40,01-16 00:00
64.10,01-16 01:00
61.50,01-16 07:00
61.02,01-16 08:00
59.29,01-16 09:00
57.39,01-16 10:00
57.36,01-16 11:00
56.99,01-16 12:00
56.34,01-16 13:00
55.92,01-16 14:00
55.45,01-16 15:00
55.51,01-16 16:00
55.51,01-16 17:00
54.20,01-16 18:00
55.29,01-16 19:00
55.55,01-16 20:00
56.23,01-16 21:00
56.65,01-16 22:00
56.62,01-16 23:00
59.50,01-17 00:00
59.50,01-17 01:00
54.50,01-17 08:00
52.92,01-17 09:00
54.15,01-17 10:00
54.32,01-17 11:00
55.50,01-17 12:00
57.15,01-17 13:00
58.45,01-17 14:00
58.98,01-17 15:00
59.95,01-17 16:00
59.73,01-17 17:00
61.13,01-17 18:00
62.55,01-17 19:00
62.76,01-17 21:00
62.35,01-17 22:00
62.85,01-17 23:00
62.48,01-18 00:00
62.31,01-18 01:00
57.66,01-18 08:00
59.40,01-18 09:00
60.83,01-18 10:00
61.38,01-18 11:00
61.80,01-18 12:00
62.90,01-18 13:00
63.23,01-18 14:00
62.20,01-18 15:00
62.33,01-18 16:00
62.90,01-18 17:00
62.44,01-18 18:00
62.56,01-18 19:00
62.20,01-18 20:00
62.10,01-18 21:00
61.91,01-19 00:00
63.35,01-19 07:00
64.49,01-19 08:00
63.61,01-19 09:00
61.56,01-19 10:00
59.88,01-19 11:00
59.49,01-19 12:00
60.55,01-19 13:00
60.73,01-19 14:00
60.14,01-19 15:00
61.34,01-19 16:00
62.23,01-19 17:00
63.02,01-19 18:00
62.25,01-19 21:00
62.17,01-19 22:00
62.80,01-19 23:00
62.77,01-20 00:00
62.94,01-20 01:00
59.67,01-20 08:00
60.26,01-20 09:00
61.19,01-20 10:00
62.52,01-20 11:00
64.38,01-20 12:00
64.50,01-20 13:00
64.91,01-20 14:00
66.75,01-20 15:00
68.52,01-20 16:00
68.19,01-20 17:00
68.50,01-20 18:00
66.87,01-20 20:00
69.00,01-21 08:00
66.97,01-22 07:00
66.02,01-22 09:00
68.64,01-22 10:00
69.34,01-22 11:00
69.64,01-22 12:00
69.07,01-22 13:00
68.32,01-22 14:00
69.68,01-22 15:00
69.26,01-22 16:00
71.39,01-22 19:00
72.70,01-22 20:00
72.59,01-22 21:00
73.42,01-22 22:00
74.00,01-23 00:00
72.55,01-23 01:00
72.32,01-23 07:00
64.84,01-23 08:00
65.66,01-23 09:00
64.59,01-23 10:00
65.07,01-23 11:00
66.17,01-23 12:00
67.90,01-23 13:00
68.40,01-23 14:00
69.16,01-23 15:00
66.75,01-23 16:00
65.24,01-23 17:00
66.37,01-23 18:00
66.47,01-23 19:00
64.93,01-23 20:00
65.95,01-23 21:00
66.50,01-23 23:00
64.71,01-24 01:00
62.00,01-24 08:00
60.74,01-24 09:00
60.81,01-24 10:00
60.62,01-24 11:00
61.45,01-24 12:00
61.07,01-24 13:00
60.57,01-24 14:00
60.22,01-24 15:00
58.98,01-24 16:00
61.50,01-24 17:00
59.15,01-24 19:00
58.83,01-24 21:00
57.62,01-25 00:00
58.82,01-25 01:00
56.96,01-25 08:00
57.54,01-25 09:00
58.32,01-25 10:00
58.19,01-25 11:00
57.63,01-25 12:00
57.27,01-25 13:00
56.70,01-25 14:00
56.57,01-25 15:00
57.56,01-25 16:00
58.52,01-25 17:00
58.86,01-25 19:00
59.56,01-25 20:00
60.00,01-25 21:00
60.65,01-25 23:00
60.36,01-26 00:00
59.72,01-26 01:00
59.83,01-26 08:00
59.84,01-26 09:00
58.63,01-26 10:00
57.47,01-26 11:00
57.46,01-26 12:00
57.81,01-26 13:00
58.24,01-26 14:00
56.76,01-26 15:00
55.78,01-26 16:00
55.94,01-26 17:00
56.50,01-26 19:00
55.80,01-26 20:00
56.22,01-26 21:00
56.67,01-26 22:00
55.06,01-27 00:00
55.00,01-27 01:00
53.48,01-27 07:00
53.12,01-27 08:00
53.46,01-27 09:00
53.85,01-27 10:00
54.10,01-27 11:00
53.35,01-27 12:00
53.89,01-27 13:00
54.41,01-27 14:00
55.03,01-27 15:00
56.54,01-27 16:00
56.96,01-27 17:00
56.77,01-27 18:00
56.77,01-28 01:00
55.60,01-28 14:00
55.75,01-28 18:00
56.00,01-28 19:00
56.02,01-28 20:00
55.42,01-28 21:00
55.86,01-28 22:00
56.00,01-28 23:00
56.00,01-29 00:00
56.00,01-29 09:00
55.50,01-29 10:00
55.10,01-29 11:00
55.27,01-29 12:00
55.79,01-29 13:00
55.77,01-29 14:00
55.57,01-29 15:00
55.92,01-29 16:00
55.85,01-29 17:00
55.85,01-29 20:00
56.15,01-29 21:00
55.04,01-29 22:00
54.23,01-30 00:00
54.45,01-30 01:00
56.35,01-30 08:00
57.79,01-30 09:00
57.65,01-30 10:00
57.53,01-30 11:00
57.03,01-30 12:00
57.32,01-30 13:00
56.26,01-30 14:00
55.35,01-30 15:00
55.72,01-30 16:00
57.61,01-30 17:00
57.92,01-30 18:00
58.62,01-30 19:00
58.36,01-30 20:00
58.08,01-30 21:00
57.56,01-31 00:00
60.00,01-31 07:00
59.72,01-31 08:00
59.21,01-31 09:00
59.22,01-31 10:00
59.03,01-31 11:00
57.96,01-31 12:00
57.38,01-31 13:00
57.42,01-31 14:00
57.54,01-31 15:00
58.06,01-31 16:00
59.61,01-31 17:00
59.70,01-31 18:00
61.26,01-31 19:00
60.50,01-31 20:00
59.82,01-31 21:00
60.01,01-31 22:00
60.35,02-01 00:00
61.45,02-01 01:00
57.43,02-01 07:00
56.83,02-01 08:00
57.35,02-01 09:00
58.60,02-01 10:00
58.49,02-01 11:00
58.66,02-01 12:00
59.44,02-01 13:00
59.89,02-01 14:00
60.19,02-01 15:00
59.91,02-01 16:00
59.87,02-01 17:00
59.82,02-01 19:00
59.20,02-01 20:00
59.18,02-01 21:00
58.99,02-01 22:00
59.36,02-01 23:00
58.58,02-02 00:00
58.59,02-02 01:00
59.74,02-02 08:00
58.84,02-02 09:00
57.98,02-02 10:00
58.12,02-02 11:00
58.05,02-02 12:00
57.19,02-02 13:00
56.49,02-02 14:00
56.99,02-02 15:00
56.37,02-02 16:00
56.89,02-02 17:00
56.87,02-02 18:00
56.25,02-02 19:00
56.10,02-02 20:00
56.08,02-02 21:00
56.26,02-02 22:00
56.32,02-02 23:00
56.78,02-03 00:00
56.35,02-03 01:00
57.50,02-03 07:00
57.03,02-03 08:00
57.41,02-03 09:00
58.83,02-03 10:00
59.43,02-03 11:00
59.40,02-03 12:00
59.22,02-03 13:00
59.96,02-03 14:00
59.47,02-03 15:00
59.59,02-03 16:00
60.04,02-03 17:00
60.50,02-03 18:00
60.50,02-03 21:00
60.39,02-04 10:00
61.00,02-04 17:00
61.42,02-05 00:00
61.50,02-05 09:00
62.22,02-05 10:00
63.15,02-05 11:00
63.77,02-05 12:00
63.88,02-05 13:00
64.34,02-05 14:00
64.92,02-05 15:00
64.06,02-05 16:00
64.84,02-05 18:00
64.52,02-05 19:00
64.60,02-05 20:00
64.77,02-05 22:00
64.50,02-05 23:00
64.13,02-06 00:00
61.15,02-06 01:00
58.71,02-06 08:00
58.14,02-06 09:00
58.30,02-06 10:00
58.63,02-06 11:00
58.53,02-06 12:00
58.66,02-06 13:00
58.82,02-06 14:00
58.97,02-06 15:00
59.25,02-06 16:00
59.10,02-06 17:00
59.06,02-06 18:00
58.80,02-06 19:00
58.79,02-06 21:00
59.35,02-06 22:00
57.43,02-07 00:00
56.07,02-07 01:00
58.03,02-07 07:00
58.59,02-07 08:00
59.15,02-07 09:00
58.79,02-07 10:00
58.75,02-07 11:00
58.84,02-07 12:00
58.43,02-07 13:00
57.64,02-07 14:00
56.58,02-07 15:00
55.71,02-07 16:00
55.39,02-07 17:00
56.84,02-07 18:00
55.51,02-07 19:00
56.95,02-07 20:00
55.84,02-08 00:00
56.21,02-08 01:00
55.84,02-08 08:00
54.84,02-08 09:00
55.29,02-08 10:00
55.44,02-08 11:00
55.06,02-08 12:00
54.24,02-08 13:00
54.27,02-08 14:00
53.92,02-08 15:00
54.74,02-08 16:00
55.00,02-08 17:00
55.85,02-08 18:00
55.77,02-08 19:00
56.96,02-08 20:00
56.82,02-08 21:00
57.53,02-08 23:00
55.14,02-09 01:00
55.46,02-09 08:00
55.25,02-09 09:00
55.31,02-09 10:00
55.17,02-09 11:00
54.74,02-09 12:00
54.42,02-09 13:00
54.22,02-09 14:00
53.86,02-09 15:00
53.84,02-09 16:00
54.58,02-09 17:00
54.25,02-09 19:00
54.16,02-09 20:00
54.25,02-09 21:00
53.56,02-10 00:00
52.79,02-10 01:00
54.66,02-10 08:00
54.58,02-10 09:00
54.21,02-10 10:00
54.17,02-10 11:00
53.97,02-10 12:00
54.07,02-10 13:00
54.21,02-10 14:00
53.99,02-10 15:00
54.87,02-10 16:00
55.09,02-10 17:00
55.00,02-10 21:00
55.00,02-10 22:00
55.00,02-10 23:00
54.79,02-11 00:00
54.72,02-11 01:00
54.65,02-11 07:00
54.65,02-11 17:00
55.00,02-11 18:00
54.42,02-11 20:00
54.90,02-11 22:00
54.02,02-11 23:00
54.00,02-12 00:00
53.62,02-12 01:00
53.50,02-12 08:00
53.09,02-12 09:00
53.83,02-12 10:00
53.44,02-12 11:00
53.97,02-12 12:00
53.94,02-12 13:00
53.95,02-12 14:00
53.44,02-12 15:00
53.48,02-12 16:00
53.02,02-12 17:00
53.00,02-12 18:00
53.38,02-12 19:00
52.80,02-12 20:00
52.90,02-12 21:00
52.30,02-12 22:00
51.58,02-13 00:00
50.30,02-13 01:00
52.15,02-13 07:00
52.55,02-13 08:00
52.34,02-13 09:00
52.42,02-13 10:00
52.29,02-13 11:00
52.76,02-13 12:00
52.68,02-13 13:00
52.87,02-13 14:00
52.89,02-13 15:00
52.67,02-13 16:00
52.97,02-13 17:00
53.25,02-13 18:00
52.67,02-13 19:00
52.45,02-13 20:00
51.70,02-13 21:00
51.65,02-13 22:00
51.55,02-13 23:00
49.64,02-14 00:00
49.46,02-14 01:00
52.50,02-14 07:00
52.58,02-14 08:00
53.06,02-14 09:00
53.50,02-14 10:00
53.54,02-14 11:00
53.51,02-14 12:00
53.48,02-14 13:00
53.70,02-14 14:00
53.37,02-14 15:00
53.28,02-14 16:00
52.91,02-14 17:00
53.10,02-14 18:00
54.16,02-14 21:00
52.40,02-15 00:00
51.85,02-15 01:00
54.09,02-15 08:00
54.07,02-15 09:00
54.28,02-15 10:00
54.14,02-15 11:00
54.08,02-15 12:00
54.30,02-15 13:00
54.65,02-15 14:00
54.69,02-15 15:00
54.68,02-15 16:00
54.70,02-15 17:00
54.89,02-15 18:00
54.25,02-15 19:00
53.33,02-15 20:00
54.38,02-15 21:00
53.20,02-16 00:00
53.04,02-16 01:00
53.22,02-16 08:00
52.95,02-16 09:00
52.92,02-16 10:00
52.86,02-16 11:00
52.63,02-16 12:00
52.44,02-16 13:00
52.59,02-16 14:00
52.39,02-16 15:00
51.64,02-16 16:00
51.51,02-16 17:00
50.00,02-16 19:00
49.93,02-16 20:00
49.65,02-16 21:00
50.60,02-16 22:00
50.02,02-17 00:00
52.57,02-17 01:00
49.48,02-17 08:00
48.96,02-17 09:00
49.18,02-17 10:00
49.43,02-17 11:00
49.68,02-17 12:00
49.46,02-17 13:00
49.24,02-17 14:00
49.26,02-17 15:00
49.02,02-17 16:00
49.16,02-17 17:00
49.12,02-17 18:00
48.70,02-17 19:00
48.68,02-18 01:00
48.70,02-18 22:00
48.72,02-18 23:00
48.55,02-19 01:00
49.20,02-19 09:00
49.20,02-19 10:00
49.11,02-19 11:00
48.31,02-19 12:00
48.01,02-19 13:00
48.28,02-19 14:00
47.71,02-19 15:00
48.05,02-19 16:00
48.43,02-19 18:00
48.92,02-19 20:00
49.35,02-19 21:00
49.42,02-19 22:00
48.45,02-20 00:00
49.47,02-20 01:00
50.00,02-20 07:00
50.87,02-20 08:00
51.29,02-20 09:00
51.04,02-20 10:00
51.21,02-20 11:00
51.42,02-20 12:00
51.67,02-20 13:00
51.41,02-20 14:00
50.85,02-20 15:00
49.68,02-20 16:00
50.27,02-20 17:00
50.78,02-20 18:00
51.31,02-20 19:00
51.79,02-20 20:00
51.71,02-20 23:00
49.23,02-21 01:00
48.70,02-21 08:00
49.06,02-21 09:00
48.92,02-21 10:00
48.90,02-21 11:00
48.91,02-21 12:00
48.67,02-21 13:00
48.62,02-21 14:00
48.85,02-21 15:00
49.36,02-21 16:00
50.52,02-21 17:00
50.23,02-21 18:00
51.49,02-21 19:00
51.63,02-21 20:00
51.30,02-21 21:00
51.34,02-21 22:00
50.14,02-22 00:00
50.07,02-22 01:00
49.77,02-22 07:00
50.09,02-22 08:00
50.10,02-22 09:00
50.20,02-22 10:00
50.81,02-22 11:00
51.20,02-22 12:00
50.90,02-22 13:00
50.99,02-22 14:00
51.14,02-22 15:00
50.51,02-22 16:00
49.47,02-22 17:00
49.59,02-22 18:00
49.60,02-22 20:00
49.60,02-22 22:00
49.02,02-22 23:00
48.70,02-23 00:00
49.33,02-23 01:00
50.17,02-23 07:00
50.02,02-23 08:00
50.12,02-23 09:00
50.39,02-23 10:00
50.55,02-23 11:00
51.02,02-23 12:00
51.02,02-23 13:00
51.24,02-23 14:00
51.37,02-23 15:00
50.52,02-23 16:00
50.50,02-23 17:00
50.96,02-23 18:00
50.67,02-24 00:00
50.99,02-24 01:00
52.81,02-24 08:00
52.65,02-24 09:00
53.04,02-24 10:00
53.40,02-24 11:00
53.34,02-24 12:00
53.02,02-24 13:00
52.83,02-24 14:00
52.43,02-24 15:00
51.97,02-24 16:00
51.98,02-24 17:00
52.15,02-24 18:00
51.77,02-24 23:00
51.37,02-25 16:00
51.96,02-26 00:00
51.00,02-26 09:00
51.00,02-26 10:00
50.99,02-26 11:00
51.73,02-26 12:00
52.46,02-26 13:00
53.25,02-26 14:00
53.03,02-26 15:00
53.50,02-26 16:00
53.50,02-26 18:00
52.25,02-26 19:00
52.33,02-27 00:00
52.92,02-27 01:00
50.00,02-27 07:00
50.69,02-27 08:00
50.77,02-27 09:00
50.78,02-27 10:00
50.91,02-27 11:00
50.92,02-27 12:00
50.65,02-27 13:00
50.48,02-27 14:00
49.60,02-27 15:00
48.38,02-27 16:00
47.82,02-27 17:00
47.63,02-27 18:00
47.40,02-27 21:00
48.56,02-28 00:00
47.85,02-28 01:00
48.84,02-28 08:00
49.13,02-28 09:00
49.15,02-28 10:00
48.50,02-28 11:00
48.62,02-28 12:00
48.38,02-28 13:00
48.52,02-28 14:00
48.12,02-28 15:00
47.57,02-28 16:00
47.67,02-28 17:00
47.68,02-28 18:00
48.22,02-28 19:00
48.39,02-28 20:00
48.52,02-28 21:00
48.59,02-28 22:00
49.42,02-28 23:00
49.43,03-01 00:00
47.60,03-01 01:00
48.09,03-01 08:00
48.71,03-01 09:00
48.51,03-01 10:00
48.37,03-01 11:00
48.56,03-01 12:00
48.65,03-01 13:00
48.74,03-01 14:00
48.15,03-01 15:00
48.56,03-01 16:00
49.53,03-01 17:00
49.57,03-01 18:00
49.90,03-01 19:00
49.71,03-01 20:00
49.71,03-01 21:00
49.70,03-01 22:00
49.69,03-01 23:00
49.63,03-02 00:00
49.13,03-02 01:00
48.97,03-02 08:00
48.62,03-02 09:00
48.42,03-02 10:00
48.35,03-02 11:00
48.26,03-02 12:00
48.38,03-02 13:00
48.48,03-02 14:00
48.10,03-02 15:00
47.60,03-02 16:00
46.96,03-02 17:00
46.42,03-02 18:00
47.67,03-02 19:00
47.58,03-02 20:00
47.57,03-02 21:00
47.60,03-02 22:00
46.13,03-03 00:00
46.15,03-03 01:00
46.50,03-03 07:00
46.77,03-03 08:00
46.62,03-03 09:00
46.50,03-03 10:00
46.28,03-03 11:00
46.33,03-03 12:00
46.56,03-03 13:00
46.85,03-03 14:00
46.47,03-03 15:00
46.34,03-03 16:00
46.53,03-03 17:00
46.75,03-03 21:00
46.30,03-04 01:00
45.98,03-04 11:00
47.37,03-04 13:00
48.10,03-05 08:00
48.59,03-05 10:00
48.42,03-05 11:00
49.17,03-05 12:00
49.18,03-05 13:00
48.80,03-05 15:00
48.75,03-05 16:00
48.65,03-05 17:00
48.95,03-05 18:00
47.30,03-05 19:00
47.30,03-05 20:00
47.69,03-05 21:00
47.22,03-05 22:00
47.15,03-05 23:00
47.24,03-06 00:00
46.87,03-06 01:00
44.52,03-06 07:00
44.26,03-06 08:00
44.10,03-06 09:00
44.11,03-06 10:00
44.13,03-06 11:00
44.26,03-06 12:00
44.16,03-06 13:00
43.89,03-06 14:00
43.48,03-06 15:00
43.86,03-06 16:00
44.91,03-06 17:00
45.16,03-06 18:00
45.94,03-06 19:00
46.44,03-06 20:00
45.98,03-06 21:00
46.32,03-06 22:00
45.04,03-07 00:00
45.09,03-07 01:00
44.70,03-07 07:00
44.23,03-07 08:00
43.58,03-07 09:00
43.73,03-07 10:00
43.45,03-07 11:00
43.67,03-07 12:00
44.11,03-07 13:00
44.85,03-07 14:00
44.79,03-07 15:00
45.16,03-07 16:00
45.43,03-07 17:00
45.50,03-07 18:00
45.66,03-07 19:00
45.81,03-07 20:00
46.18,03-07 21:00
46.50,03-07 22:00
46.66,03-07 23:00
45.74,03-08 00:00
45.29,03-08 01:00
46.50,03-08 07:00
45.84,03-08 08:00
45.74,03-08 09:00
45.46,03-08 10:00
45.28,03-08 11:00
44.90,03-08 12:00
44.30,03-08 13:00
44.13,03-08 14:00
44.02,03-08 15:00
43.38,03-08 16:00
43.53,03-08 17:00
43.86,03-08 18:00
43.26,03-08 20:00
43.00,03-08 21:00
42.43,03-09 00:00
42.18,03-09 01:00
41.73,03-09 07:00
41.69,03-09 08:00
41.91,03-09 09:00
42.02,03-09 10:00
42.26,03-09 11:00
41.91,03-09 12:00
41.60,03-09 13:00
42.15,03-09 14:00
42.94,03-09 15:00
45.50,03-09 16:00
47.31,03-09 17:00
47.17,03-09 18:00
47.54,03-09 20:00
47.57,03-09 21:00
47.70,03-09 22:00
46.72,03-09 23:00
46.62,03-10 00:00
46.51,03-10 01:00
46.63,03-10 07:00
47.20,03-10 08:00
45.58,03-10 09:00
46.26,03-10 10:00
47.29,03-10 11:00
46.89,03-10 12:00
47.02,03-10 13:00
48.41,03-10 14:00
50.46,03-10 15:00
53.05,03-10 16:00
53.43,03-10 17:00
54.95,03-10 23:00
54.95,03-11 00:00
54.95,03-11 01:00
55.00,03-11 09:00
54.97,03-11 10:00
53.65,03-11 12:00
53.65,03-11 13:00
53.57,03-11 14:00
52.20,03-11 20:00
52.20,03-11 21:00
52.20,03-11 22:00
52.20,03-11 23:00
52.20,03-12 00:00
52.20,03-12 01:00
52.35,03-12 08:00
52.01,03-12 09:00
51.60,03-12 10:00
50.77,03-12 11:00
50.77,03-12 12:00
49.75,03-12 13:00
49.62,03-12 14:00
49.87,03-12 15:00
49.92,03-12 16:00
50.03,03-12 17:00
50.54,03-12 19:00
50.20,03-12 20:00
49.18,03-12 23:00
50.00,03-13 00:00
50.66,03-13 01:00
49.35,03-13 07:00
49.05,03-13 08:00
50.26,03-13 09:00
51.93,03-13 10:00
52.31,03-13 11:00
52.45,03-13 12:00
52.64,03-13 13:00
53.26,03-13 14:00
52.49,03-13 15:00
49.48,03-13 16:00
48.88,03-13 17:00
48.50,03-13 18:00
48.50,03-13 19:00
48.67,03-13 20:00
48.50,03-13 21:00
48.15,03-13 22:00
46.96,03-14 00:00
46.91,03-14 01:00
47.74,03-14 07:00
46.99,03-14 08:00
47.63,03-14 09:00
47.67,03-14 10:00
47.45,03-14 11:00
47.20,03-14 12:00
46.19,03-14 13:00
45.60,03-14 14:00
45.07,03-14 15:00
45.28,03-14 16:00
45.56,03-14 17:00
45.62,03-14 18:00
45.00,03-14 22:00
45.00,03-14 23:00
44.61,03-15 00:00
44.65,03-15 01:00
45.10,03-15 07:00
45.19,03-15 08:00
44.44,03-15 09:00
44.06,03-15 10:00
44.06,03-15 11:00
43.36,03-15 12:00
43.02,03-15 13:00
43.27,03-15 14:00
43.44,03-15 15:00
43.13,03-15 16:00
44.26,03-15 17:00
44.48,03-15 18:00
45.35,03-15 19:00
44.50,03-15 21:00
44.70,03-15 22:00
44.09,03-16 00:00
45.87,03-16 01:00
43.83,03-16 07:00
42.69,03-16 08:00
42.23,03-16 09:00
42.27,03-16 10:00
42.34,03-16 11:00
42.32,03-16 12:00
42.21,03-16 13:00
43.06,03-16 14:00
43.76,03-16 15:00
44.73,03-16 16:00
44.67,03-16 17:00
44.50,03-16 18:00
44.80,03-16 20:00
44.80,03-16 21:00
44.80,03-16 22:00
44.54,03-17 00:00
44.65,03-17 01:00
45.00,03-17 07:00
44.00,03-17 08:00
43.80,03-17 09:00
43.58,03-17 10:00
43.59,03-17 11:00
43.85,03-17 12:00
43.73,03-17 13:00
43.13,03-17 14:00
42.56,03-17 15:00
42.18,03-17 16:00
41.87,03-17 17:00
40.50,03-17 18:00
41.80,03-17 23:00
41.80,03-18 07:00
42.05,03-18 11:00
41.21,03-18 15:00
41.50,03-18 16:00
41.40,03-18 17:00
41.84,03-19 10:00
41.86,03-19 11:00
41.87,03-19 12:00
42.69,03-19 13:00
41.72,03-19 14:00
42.30,03-19 15:00
43.17,03-19 16:00
43.18,03-19 20:00
42.77,03-19 21:00
43.05,03-19 22:00
42.92,03-19 23:00
43.01,03-20 00:00
42.81,03-20 01:00
40.00,03-20 07:00
40.01,03-20 08:00
40.24,03-20 09:00
40.25,03-20 10:00
40.27,03-20 11:00
40.33,03-20 12:00
40.63,03-20 13:00
40.60,03-20 14:00
40.14,03-20 15:00
39.29,03-20 16:00
39.55,03-20 17:00
39.40,03-20 18:00
39.00,03-20 19:00
39.00,03-20 20:00
39.00,03-20 21:00
39.30,03-20 22:00
39.82,03-20 23:00
39.60,03-21 00:00
39.83,03-21 01:00
39.53,03-21 07:00
39.08,03-21 08:00
39.48,03-21 09:00
39.89,03-21 10:00
39.64,03-21 11:00
39.46,03-21 12:00
39.68,03-21 13:00
40.55,03-21 14:00
41.33,03-21 15:00
41.50,03-21 16:00
41.17,03-21 17:00
41.29,03-21 18:00
41.07,03-21 19:00
41.57,03-21 20:00
41.12,03-22 00:00
41.85,03-22 07:00
42.08,03-22 08:00
41.36,03-22 09:00
40.72,03-22 10:00
40.50,03-22 11:00
40.03,03-22 12:00
40.18,03-22 13:00
40.33,03-22 14:00
39.76,03-22 15:00
39.52,03-22 16:00
40.31,03-22 17:00
41.06,03-22 18:00
41.48,03-22 19:00
41.55,03-22 20:00
40.99,03-22 21:00
40.74,03-22 22:00
40.44,03-23 00:00
41.00,03-23 01:00
40.75,03-23 07:00
40.23,03-23 08:00
40.31,03-23 09:00
40.69,03-23 10:00
41.26,03-23 11:00
41.94,03-23 12:00
41.85,03-23 13:00
43.05,03-23 14:00
42.91,03-23 15:00
42.85,03-23 16:00
42.81,03-23 17:00
43.73,03-23 18:00
43.62,03-23 20:00
42.97,03-23 21:00
42.97,03-23 22:00
42.75,03-23 23:00
42.39,03-24 00:00
42.10,03-24 01:00
42.75,03-24 07:00
43.03,03-24 08:00
42.84,03-24 09:00
42.32,03-24 10:00
41.95,03-24 11:00
41.82,03-24 12:00
42.25,03-24 13:00
42.57,03-24 14:00
42.17,03-24 15:00
41.51,03-24 16:00
41.77,03-24 17:00
41.49,03-24 18:00
41.43,03-24 19:00
41.50,03-24 20:00
41.50,03-24 21:00
41.77,03-25 01:00
42.00,03-25 08:00
41.60,03-25 12:00
41.77,03-25 13:00
42.22,03-26 09:00
42.00,03-26 10:00
42.06,03-26 11:00
42.44,03-26 12:00
42.71,03-26 13:00
42.56,03-26 14:00
42.73,03-26 15:00
42.58,03-26 17:00
42.88,03-26 18:00
43.25,03-26 19:00
43.59,03-26 20:00
43.41,03-26 21:00
43.22,03-26 23:00
42.50,03-27 06:00
42.40,03-27 07:00
42.81,03-27 08:00
43.32,03-27 09:00
43.55,03-27 10:00
43.15,03-27 11:00
43.00,03-27 12:00
43.13,03-27 13:00
43.43,03-27 14:00
43.26,03-27 15:00
42.36,03-27 16:00
42.33,03-27 17:00
42.85,03-27 18:00
43.05,03-27 19:00
43.35,03-27 20:00
42.30,03-27 21:00
42.20,03-27 23:00
42.20,03-28 00:00
41.81,03-28 06:00
41.46,03-28 07:00
41.89,03-28 08:00
41.75,03-28 09:00
42.30,03-28 10:00
42.80,03-28 11:00
43.53,03-28 12:00
43.68,03-28 13:00
43.51,03-28 14:00
43.12,03-28 15:00
43.33,03-28 16:00
43.49,03-28 19:00
43.43,03-28 20:00
43.35,03-28 21:00
43.23,03-28 22:00
42.48,03-28 23:00
43.35,03-29 00:00
43.85,03-29 06:00
44.68,03-29 07:00
44.07,03-29 08:00
43.46,03-29 09:00
43.36,03-29 10:00
42.62,03-29 11:00
42.66,03-29 12:00
42.95,03-29 13:00
42.87,03-29 14:00
42.65,03-29 15:00
43.03,03-29 16:00
42.78,03-29 17:00
42.72,03-29 19:00
42.70,03-29 20:00
42.65,03-29 21:00
42.57,03-29 22:00
42.33,03-29 23:00
42.55,03-30 00:00
42.52,03-30 06:00
43.11,03-30 07:00
42.72,03-30 08:00
42.98,03-30 09:00
43.26,03-30 10:00
43.01,03-30 11:00
42.63,03-30 12:00
42.81,03-30 13:00
43.25,03-30 14:00
43.15,03-30 15:00
42.41,03-30 16:00
42.27,03-30 17:00
42.03,03-30 18:00
41.97,03-30 19:00
41.91,03-30 20:00
41.98,03-30 21:00
41.83,03-30 22:00
42.19,03-30 23:00
42.00,03-31 00:00
43.50,03-31 06:00
45.24,03-31 07:00
45.91,03-31 08:00
45.70,03-31 09:00
45.40,03-31 10:00
45.98,03-31 11:00
47.00,03-31 12:00
47.89,03-31 13:00
48.01,03-31 14:00
47.79,03-31 15:00
46.49,03-31 16:00
46.38,03-31 17:00
46.50,03-31 18:00
46.80,04-01 00:00
46.80,04-01 01:00
46.46,04-01 04:00
46.80,04-01 05:00
47.22,04-01 11:00
47.03,04-01 12:00
47.18,04-01 15:00
47.30,04-01 18:00
47.26,04-01 19:00
47.27,04-01 20:00
47.29,04-01 21:00
47.30,04-01 22:00
47.30,04-02 06:00
47.30,04-02 07:00
47.29,04-02 08:00
47.35,04-02 09:00
47.26,04-02 10:00
46.85,04-02 11:00
47.14,04-02 12:00
47.38,04-02 13:00
47.66,04-02 14:00
46.92,04-02 15:00
47.43,04-02 16:00
47.83,04-02 17:00
48.03,04-02 18:00
47.97,04-02 19:00
48.02,04-02 20:00
47.91,04-02 21:00
48.20,04-02 22:00
48.35,04-02 23:00
49.07,04-03 00:00
49.00,04-03 06:00
47.97,04-03 07:00
48.94,04-03 08:00
50.01,04-03 09:00
49.84,04-03 10:00
49.63,04-03 11:00
50.57,04-03 12:00
50.74,04-03 13:00
51.16,04-03 14:00
52.07,04-03 15:00
51.42,04-03 16:00
50.16,04-03 19:00
50.11,04-03 20:00
51.00,04-03 22:00
51.03,04-03 23:00
51.30,04-04 00:00
50.90,04-04 06:00
50.31,04-04 07:00
50.53,04-04 08:00
50.11,04-04 09:00
50.22,04-04 10:00
49.99,04-04 11:00
49.87,04-04 12:00
49.29,04-04 13:00
48.47,04-04 14:00
47.21,04-04 15:00
47.05,04-04 16:00
47.17,04-04 17:00
46.90,04-04 18:00
46.50,04-04 19:00
46.73,04-04 20:00
46.92,04-04 21:00
46.36,04-04 22:00
46.41,04-04 23:00
46.32,04-05 00:00
46.40,04-05 06:00
47.09,04-05 07:00
47.36,04-05 08:00
47.57,04-05 09:00
47.76,04-05 10:00
48.15,04-05 11:00
48.34,04-05 12:00
46.97,04-05 13:00
46.04,04-05 14:00
45.57,04-05 15:00
46.11,04-05 16:00
45.98,04-05 17:00
46.00,04-05 18:00
45.80,04-05 20:00
45.80,04-05 21:00
45.62,04-05 23:00
44.80,04-06 06:00
44.24,04-06 07:00
43.89,04-06 08:00
44.37,04-06 09:00
44.24,04-06 10:00
44.01,04-06 11:00
43.88,04-06 12:00
43.25,04-06 13:00
43.39,04-06 14:00
43.23,04-06 15:00
42.65,04-06 16:00
42.90,04-06 18:00
42.90,04-06 19:00
42.98,04-06 20:00
43.47,04-06 23:00
44.50,04-07 05:00
45.68,04-07 09:00
45.22,04-07 10:00
44.52,04-07 11:00
44.00,04-07 12:00
44.30,04-07 18:00
44.27,04-07 22:00
44.70,04-08 09:00
44.42,04-08 21:00
42.90,04-09 10:00
42.90,04-09 12:00
43.15,04-09 13:00
42.91,04-09 14:00
43.05,04-09 15:00
42.45,04-09 20:00
42.25,04-10 08:00
42.00,04-10 10:00
42.68,04-10 11:00
42.64,04-10 12:00
42.93,04-10 13:00
42.40,04-10 14:00
42.32,04-10 15:00
41.81,04-10 18:00
41.98,04-10 19:00
41.73,04-10 20:00
41.52,04-10 21:00
41.50,04-10 22:00
41.58,04-10 23:00
42.53,04-11 07:00
43.30,04-11 08:00
43.53,04-11 09:00
43.11,04-11 10:00
43.34,04-11 11:00
42.74,04-11 12:00
43.26,04-11 13:00
44.12,04-11 14:00
44.01,04-11 15:00
44.26,04-11 16:00
44.76,04-11 17:00
44.96,04-11 20:00
44.92,04-11 21:00
44.11,04-11 22:00
43.85,04-11 23:00
43.79,04-12 00:00
43.67,04-12 07:00
43.25,04-12 08:00
43.50,04-12 09:00
44.13,04-12 10:00
44.12,04-12 11:00
44.06,04-12 12:00
44.34,04-12 13:00
44.01,04-12 14:00
43.93,04-12 15:00
43.76,04-12 16:00
43.97,04-12 17:00
43.70,04-12 18:00
44.00,04-12 20:00
44.10,04-12 21:00
44.32,04-12 22:00
44.07,04-12 23:00
44.39,04-13 00:00
43.06,04-13 07:00
42.90,04-13 08:00
42.91,04-13 09:00
42.76,04-13 10:00
43.08,04-13 11:00
43.35,04-13 12:00
43.48,04-13 13:00
43.29,04-13 14:00
43.01,04-13 15:00
43.03,04-13 16:00
43.19,04-13 18:00
43.45,04-13 19:00
43.15,04-13 20:00
42.87,04-13 21:00
42.80,04-13 22:00
42.77,04-13 23:00
42.43,04-14 00:00
42.37,04-14 06:00
41.91,04-14 07:00
41.70,04-14 08:00
41.74,04-14 09:00
41.88,04-14 10:00
41.81,04-14 11:00
41.71,04-14 12:00
41.94,04-14 13:00
42.10,04-14 14:00
41.44,04-14 15:00
41.57,04-14 16:00
41.56,04-14 17:00
42.18,04-15 09:00
41.92,04-15 11:00
41.77,04-15 20:00
42.55,04-16 07:00
42.46,04-16 09:00
42.57,04-16 10:00
42.66,04-16 11:00
42.95,04-16 12:00
43.07,04-16 13:00
43.10,04-16 15:00
42.92,04-16 17:00
42.91,04-16 19:00
43.47,04-16 20:00
43.70,04-16 21:00
42.92,04-16 22:00
42.86,04-16 23:00
43.17,04-17 00:00
43.00,04-17 06:00
42.20,04-17 07:00
42.02,04-17 08:00
42.27,04-17 09:00
42.43,04-17 10:00
42.28,04-17 11:00
42.50,04-17 12:00
42.36,04-17 13:00
41.80,04-17 14:00
41.68,04-17 15:00
41.36,04-17 16:00
41.10,04-17 18:00
41.20,04-17 19:00
41.50,04-17 20:00
41.42,04-17 21:00
41.85,04-17 22:00
41.79,04-17 23:00
42.07,04-18 00:00
41.67,04-18 06:00
42.11,04-18 07:00
41.82,04-18 08:00
41.61,04-18 09:00
41.76,04-18 10:00
42.08,04-18 11:00
42.66,04-18 12:00
42.85,04-18 13:00
42.90,04-18 14:00
42.78,04-18 15:00
42.40,04-18 16:00
42.45,04-18 17:00
42.48,04-18 18:00
42.46,04-18 19:00
42.54,04-18 20:00
42.66,04-18 21:00
42.80,04-18 22:00
42.75,04-18 23:00
42.45,04-19 00:00
42.24,04-19 06:00
43.10,04-19 07:00
42.81,04-19 08:00
42.73,04-19 09:00
42.44,04-19 10:00
42.50,04-19 11:00
42.34,04-19 12:00
42.11,04-19 13:00
41.56,04-19 14:00
40.59,04-19 15:00
40.84,04-19 16:00
41.29,04-19 17:00
40.80,04-19 20:00
41.46,04-19 21:00
42.02,04-19 22:00
41.94,04-19 23:00
41.92,04-20 00:00
40.42,04-20 06:00
40.43,04-20 07:00
40.87,04-20 08:00
41.02,04-20 09:00
41.05,04-20 10:00
40.93,04-20 11:00
40.95,04-20 12:00
41.08,04-20 13:00
41.03,04-20 14:00
41.05,04-20 15:00
41.75,04-20 16:00
41.45,04-20 17:00
41.63,04-20 18:00
41.42,04-20 19:00
41.42,04-20 20:00
41.09,04-20 21:00
41.11,04-20 22:00
41.11,04-20 23:00
41.09,04-21 00:00
41.03,04-21 06:00
41.21,04-21 07:00
40.98,04-21 08:00
41.08,04-21 09:00
41.22,04-21 10:00
41.16,04-21 11:00
40.91,04-21 12:00
40.32,04-21 13:00
40.16,04-21 14:00
40.48,04-21 15:00
40.73,04-21 16:00
40.81,04-21 17:00
40.65,04-21 19:00
40.65,04-21 21:00
40.05,04-22 18:00
40.05,04-22 19:00
40.05,04-22 20:00
40.70,04-23 07:00
40.30,04-23 08:00
40.65,04-23 10:00
40.72,04-23 11:00
40.49,04-23 12:00
40.17,04-23 13:00
39.88,04-23 14:00
40.30,04-23 16:00
40.19,04-23 17:00
40.34,04-23 18:00
40.55,04-23 20:00
40.40,04-23 22:00
39.85,04-23 23:00
39.82,04-24 00:00
40.24,04-24 07:00
39.89,04-24 08:00
39.46,04-24 09:00
39.84,04-24 10:00
39.95,04-24 11:00
39.84,04-24 12:00
39.91,04-24 13:00
40.13,04-24 14:00
39.79,04-24 15:00
39.58,04-24 16:00
39.48,04-24 18:00
39.47,04-24 19:00
39.51,04-24 20:00
39.27,04-24 21:00
39.16,04-24 23:00
38.94,04-25 00:00
32.90,04-25 06:00
40.11,04-25 07:00
39.73,04-25 08:00
39.48,04-25 09:00
39.73,04-25 10:00
39.94,04-25 11:00
40.02,04-25 12:00
39.77,04-25 13:00
39.84,04-25 14:00
40.04,04-25 15:00
39.95,04-25 16:00
40.25,04-25 17:00
39.97,04-25 20:00
39.63,04-25 21:00
40.22,04-25 22:00
40.50,04-26 00:00
39.66,04-26 06:00
39.09,04-26 07:00
38.81,04-26 08:00
38.57,04-26 09:00
38.60,04-26 10:00
38.74,04-26 11:00
38.75,04-26 12:00
38.77,04-26 13:00
38.63,04-26 14:00
39.03,04-26 15:00
39.50,04-26 16:00
40.09,04-26 17:00
40.03,04-26 18:00
39.58,04-26 20:00
39.15,04-26 21:00
39.27,04-26 22:00
38.87,04-27 06:00
38.67,04-27 07:00
38.63,04-27 08:00
39.04,04-27 09:00
38.76,04-27 10:00
38.68,04-27 11:00
38.65,04-27 12:00
38.73,04-27 13:00
38.92,04-27 14:00
39.20,04-27 15:00
39.05,04-27 16:00
39.00,04-27 18:00
39.00,04-27 19:00
39.00,04-27 20:00
38.86,04-27 23:00
38.77,04-28 00:00
39.08,04-28 07:00
39.77,04-28 08:00
40.00,04-28 09:00
39.75,04-28 10:00
39.36,04-28 11:00
39.48,04-28 12:00
39.58,04-28 13:00
39.17,04-28 14:00
38.24,04-28 15:00
38.09,04-28 16:00
38.09,04-28 17:00
37.10,04-29 05:00
37.10,04-29 06:00
38.32,04-29 09:00
38.37,04-29 11:00
36.50,04-30 19:00
36.50,04-30 23:00
38.00,05-01 07:00
38.20,05-01 08:00
38.44,05-01 09:00
38.52,05-01 10:00
39.13,05-01 11:00
39.07,05-01 12:00
38.52,05-01 13:00
38.30,05-01 14:00
38.49,05-01 15:00
38.44,05-01 16:00
38.39,05-01 17:00
38.70,05-01 18:00
39.19,05-01 19:00
39.34,05-01 20:00
39.61,05-01 21:00
40.00,05-01 22:00
40.02,05-01 23:00
39.16,05-02 00:00
38.62,05-02 06:00
38.39,05-02 07:00
38.23,05-02 08:00
38.32,05-02 09:00
38.38,05-02 10:00
38.06,05-02 11:00
38.00,05-02 12:00
38.13,05-02 13:00
38.06,05-02 14:00
37.34,05-02 15:00
37.08,05-02 16:00
37.20,05-02 17:00
37.45,05-02 18:00
37.78,05-02 19:00
37.90,05-02 20:00
37.86,05-02 21:00
37.91,05-02 22:00
37.60,05-02 23:00
37.36,05-03 00:00
37.46,05-03 06:00
36.99,05-03 07:00
36.55,05-03 08:00
36.58,05-03 09:00
36.67,05-03 10:00
36.65,05-03 11:00
36.84,05-03 12:00
36.58,05-03 13:00
36.32,05-03 14:00
36.46,05-03 15:00
36.87,05-03 16:00
37.36,05-03 18:00
36.97,05-03 19:00
36.90,05-03 21:00
36.40,05-03 23:00
37.00,05-04 00:00
36.88,05-04 06:00
36.03,05-04 07:00
36.00,05-04 08:00
36.24,05-04 09:00
36.20,05-04 10:00
35.94,05-04 11:00
35.84,05-04 12:00
35.75,05-04 13:00
35.53,05-04 14:00
35.20,05-04 15:00
34.72,05-04 16:00
34.56,05-04 17:00
34.53,05-04 18:00
34.70,05-04 19:00
34.25,05-04 20:00
34.12,05-04 21:00
34.16,05-04 23:00
34.67,05-05 00:00
35.39,05-05 06:00
34.87,05-05 07:00
34.91,05-05 08:00
35.32,05-05 09:00
35.56,05-05 10:00
35.66,05-05 11:00
35.60,05-05 12:00
35.44,05-05 13:00
35.68,05-05 14:00
36.02,05-05 15:00
35.46,05-05 16:00
35.76,05-05 17:00
35.85,05-05 19:00
35.85,05-05 22:00
36.00,05-07 09:00
36.00,05-07 13:00
36.00,05-07 14:00
36.00,05-07 15:00
36.00,05-07 16:00
35.81,05-07 20:00
35.00,05-08 07:00
35.20,05-08 08:00
35.38,05-08 09:00
35.81,05-08 10:00
35.91,05-08 11:00
36.06,05-08 12:00
36.23,05-08 13:00
36.64,05-08 14:00
36.91,05-08 15:00
37.11,05-08 16:00
37.35,05-08 17:00
37.33,05-08 18:00
37.21,05-08 19:00
37.88,05-08 20:00
38.51,05-08 21:00
38.30,05-08 22:00
38.24,05-08 23:00
38.01,05-09 00:00
37.16,05-09 06:00
36.42,05-09 07:00
36.08,05-09 08:00
36.17,05-09 09:00
35.89,05-09 10:00
35.96,05-09 11:00
36.26,05-09 12:00
36.71,05-09 13:00
36.50,05-09 14:00
35.89,05-09 15:00
36.00,05-09 16:00
36.12,05-09 17:00
36.80,05-09 19:00
36.78,05-09 20:00
36.92,05-09 21:00
37.07,05-09 22:00
36.15,05-09 23:00
35.74,05-10 00:00
35.56,05-10 06:00
35.67,05-10 07:00
36.02,05-10 08:00
35.71,05-10 09:00
35.69,05-10 10:00
35.71,05-10 11:00
35.76,05-10 12:00
35.86,05-10 13:00
35.56,05-10 14:00
35.21,05-10 15:00
35.32,05-10 16:00
35.87,05-10 17:00
35.21,05-10 19:00
35.10,05-10 20:00
34.04,05-10 21:00
33.73,05-10 22:00
33.60,05-10 23:00
33.35,05-11 00:00
34.97,05-11 06:00
34.52,05-11 07:00
34.46,05-11 08:00
34.65,05-11 09:00
34.63,05-11 10:00
34.58,05-11 11:00
34.49,05-11 12:00
34.31,05-11 13:00
34.55,05-11 14:00
34.36,05-11 15:00
34.28,05-11 16:00
34.57,05-11 17:00
34.75,05-11 18:00
34.07,05-11 20:00
34.22,05-11 22:00
33.88,05-11 23:00
33.82,05-12 00:00
34.00,05-12 06:00
33.79,05-12 07:00
33.79,05-12 08:00
34.01,05-12 09:00
33.92,05-12 10:00
33.77,05-12 11:00
33.65,05-12 12:00
33.37,05-12 13:00
33.03,05-12 14:00
31.69,05-12 15:00
32.81,05-12 16:00
32.26,05-13 11:00
32.76,05-13 12:00
33.07,05-13 13:00
32.45,05-14 08:00
32.95,05-14 09:00
32.71,05-14 10:00
32.91,05-14 11:00
33.13,05-14 12:00
33.10,05-14 14:00
33.02,05-14 15:00
33.22,05-14 16:00
33.39,05-14 17:00
33.72,05-14 18:00
33.62,05-14 19:00
33.69,05-14 21:00
33.77,05-14 22:00
33.38,05-14 23:00
31.88,05-15 00:00
32.11,05-15 06:00
31.86,05-15 07:00
32.46,05-15 08:00
32.73,05-15 09:00
32.48,05-15 10:00
32.04,05-15 11:00
32.03,05-15 12:00
32.15,05-15 13:00
32.02,05-15 14:00
31.27,05-15 15:00
32.27,05-15 16:00
32.80,05-15 17:00
32.78,05-15 18:00
33.31,05-15 19:00
33.55,05-15 20:00
33.63,05-15 21:00
33.75,05-15 22:00
33.96,05-15 23:00
34.05,05-16 00:00
32.21,05-16 06:00
31.83,05-16 07:00
31.56,05-16 08:00
31.70,05-16 09:00
31.82,05-16 10:00
31.83,05-16 11:00
31.99,05-16 12:00
32.32,05-16 13:00
31.66,05-16 14:00
32.05,05-16 15:00
32.68,05-16 16:00
33.35,05-16 17:00
33.07,05-16 18:00
32.73,05-16 19:00
32.68,05-16 20:00
32.33,05-16 21:00
32.07,05-16 22:00
32.23,05-16 23:00
32.48,05-17 00:00
31.66,05-17 06:00
31.74,05-17 07:00
31.97,05-17 08:00
32.36,05-17 09:00
32.28,05-17 10:00
32.55,05-17 11:00
32.11,05-17 12:00
31.93,05-17 13:00
31.80,05-17 14:00
31.49,05-17 15:00
31.21,05-17 16:00
31.35,05-17 17:00
31.30,05-17 18:00
31.46,05-17 19:00
31.58,05-17 20:00
31.66,05-17 21:00
31.66,05-17 22:00
31.28,05-17 23:00
31.30,05-18 00:00
30.70,05-18 06:00
30.90,05-18 07:00
30.95,05-18 08:00
30.73,05-18 09:00
30.56,05-18 10:00
30.39,05-18 11:00
30.52,05-18 12:00
29.85,05-18 13:00
29.76,05-18 14:00
29.42,05-18 15:00
29.31,05-18 16:00
29.40,05-18 17:00
29.71,05-18 18:00
29.18,05-18 19:00
29.33,05-18 20:00
29.16,05-18 21:00
28.92,05-18 22:00
28.73,05-18 23:00
28.26,05-19 00:00
29.33,05-19 06:00
29.36,05-19 07:00
29.73,05-19 08:00
29.76,05-19 09:00
29.57,05-19 10:00
29.54,05-19 11:00
29.57,05-19 12:00
29.65,05-19 13:00
29.03,05-19 14:00
29.16,05-19 15:00
28.99,05-19 16:00
28.95,05-19 17:00
28.70,05-19 18:00
28.70,05-19 21:00
28.98,05-20 12:00
28.60,05-20 13:00
28.55,05-20 16:00
28.81,05-21 09:00
28.56,05-21 10:00
28.83,05-21 11:00
29.10,05-21 12:00
28.55,05-21 14:00
28.95,05-21 15:00
28.78,05-21 16:00
29.32,05-21 17:00
29.71,05-21 18:00
29.96,05-21 19:00
29.65,05-21 20:00
29.92,05-21 21:00
30.00,05-21 22:00
29.17,05-21 23:00
28.57,05-22 00:00
28.60,05-22 07:00
28.42,05-22 08:00
28.67,05-22 09:00
28.91,05-22 10:00
28.87,05-22 11:00
28.97,05-22 12:00
29.14,05-22 13:00
28.79,05-22 14:00
28.58,05-22 15:00
28.57,05-22 16:00
28.25,05-22 17:00
28.65,05-22 18:00
28.96,05-22 19:00
29.14,05-22 20:00
29.19,05-22 21:00
28.86,05-22 23:00
28.42,05-23 00:00
28.78,05-23 06:00
28.20,05-23 07:00
28.50,05-23 08:00
28.66,05-23 09:00
28.74,05-23 10:00
28.88,05-23 11:00
29.05,05-23 12:00
28.84,05-23 13:00
29.10,05-23 14:00
29.15,05-23 15:00
29.56,05-23 16:00
29.70,05-23 17:00
30.00,05-23 19:00
29.86,05-23 20:00
29.98,05-23 21:00
29.95,05-23 22:00
29.72,05-23 23:00
29.28,05-24 00:00
29.17,05-24 06:00
29.12,05-24 07:00
28.71,05-24 08:00
28.72,05-24 09:00
28.52,05-24 10:00
28.37,05-24 11:00
28.10,05-24 12:00
27.73,05-24 13:00
28.04,05-24 14:00
27.68,05-24 15:00
28.07,05-24 16:00
28.21,05-24 17:00
28.19,05-24 18:00
28.20,05-24 19:00
28.18,05-24 21:00
28.20,05-24 22:00
27.90,05-24 23:00
27.24,05-25 00:00
27.23,05-25 06:00
26.77,05-25 07:00
26.79,05-25 08:00
26.26,05-25 09:00
26.10,05-25 10:00
26.19,05-25 11:00
26.52,05-25 12:00
26.16,05-25 13:00
25.28,05-25 14:00
25.12,05-25 15:00
24.31,05-25 16:00
24.28,05-25 17:00
24.33,05-25 18:00
23.83,05-25 23:00
24.00,05-26 00:00
24.86,05-26 07:00
25.13,05-26 08:00
24.86,05-26 09:00
24.51,05-26 10:00
24.21,05-26 11:00
23.72,05-26 12:00
23.46,05-26 13:00
23.61,05-26 14:00
24.26,05-26 15:00
24.40,05-26 16:00
24.09,05-26 19:00
23.90,05-26 20:00
25.73,05-27 17:00
25.80,05-27 18:00